{"cameraMode":{"drawMode":0,"name":"Shaded","section":"Shading Mode"},"sceneLighting":false,"audioPlay":false,"sceneViewState":{"m_AlwaysRefresh":false,"showFog":true,"showSkybox":false,"showFlares":true,"showImageEffects":true,"showParticleSystems":true,"showVisualEffectGraphs":true,"m_FxEnabled":true},"in2DMode":false,"pivot":{"x":7.4863691329956059,"y":0.7771615982055664,"z":-0.6927022933959961},"rotation":{"x":0.0872839167714119,"y":0.17684948444366456,"z":-0.01574733480811119,"w":0.9802336692810059},"size":1.346083402633667,"orthographic":false}