{"cameraMode":{"drawMode":0,"name":"Shaded","section":"Shading Mode"},"sceneLighting":true,"audioPlay":false,"sceneViewState":{"m_AlwaysRefresh":false,"showFog":true,"showSkybox":true,"showFlares":true,"showImageEffects":true,"showParticleSystems":true,"showVisualEffectGraphs":true,"m_FxEnabled":true},"in2DMode":false,"pivot":{"x":8.703145980834961,"y":2.698298454284668,"z":2.4442343711853029},"rotation":{"x":0.07488895952701569,"y":0.03290126845240593,"z":-0.0024722476955503227,"w":0.9966460466384888},"size":6.155639171600342,"orthographic":true}