{"cameraMode":{"drawMode":0,"name":"Shaded","section":"Shading Mode"},"sceneLighting":true,"audioPlay":false,"sceneViewState":{"m_AlwaysRefresh":false,"showFog":true,"showSkybox":true,"showFlares":true,"showImageEffects":true,"showParticleSystems":true,"showVisualEffectGraphs":true,"m_FxEnabled":true},"in2DMode":false,"pivot":{"x":4.644458770751953,"y":3.117156505584717,"z":-1.404989242553711},"rotation":{"x":-0.01193731278181076,"y":0.10241523385047913,"z":0.0012293390464037657,"w":0.9946746230125427},"size":11.971319198608399,"orthographic":false}