{"cameraMode":{"drawMode":0,"name":"Shaded","section":"Shading Mode"},"sceneLighting":true,"audioPlay":false,"sceneViewState":{"m_AlwaysRefresh":false,"showFog":true,"showSkybox":true,"showFlares":true,"showImageEffects":true,"showParticleSystems":true,"showVisualEffectGraphs":true,"m_FxEnabled":true},"in2DMode":false,"pivot":{"x":4.550432205200195,"y":0.8932642936706543,"z":3.408334255218506},"rotation":{"x":0.034492991864681247,"y":-0.005996301304548979,"z":0.00020728338859044015,"w":0.9993886351585388},"size":14.493120193481446,"orthographic":true}