{"cameraMode":{"drawMode":0,"name":"Shaded","section":"Shading Mode"},"sceneLighting":false,"audioPlay":false,"sceneViewState":{"m_AlwaysRefresh":false,"showFog":true,"showSkybox":false,"showFlares":true,"showImageEffects":true,"showParticleSystems":true,"showVisualEffectGraphs":true,"m_FxEnabled":true},"in2DMode":false,"pivot":{"x":8.452377319335938,"y":1.6313272714614869,"z":-1.3136335611343384},"rotation":{"x":-0.029940452426671983,"y":0.2795777916908264,"z":0.008723036386072636,"w":0.9596185088157654},"size":2.748255968093872,"orthographic":false}