{"cameraMode":{"drawMode":0,"name":"Shaded","section":"Shading Mode"},"sceneLighting":true,"audioPlay":false,"sceneViewState":{"m_AlwaysRefresh":false,"showFog":true,"showSkybox":true,"showFlares":true,"showImageEffects":true,"showParticleSystems":true,"showVisualEffectGraphs":true,"m_FxEnabled":true},"in2DMode":false,"pivot":{"x":11.25732707977295,"y":3.4185314178466799,"z":-1.3249951601028443},"rotation":{"x":0.11088065803050995,"y":0.3105300962924957,"z":-0.03649873286485672,"w":0.9433695673942566},"size":7.376527786254883,"orthographic":true}